Workbook

Sheet Data & Parameter
A1: PERHITUNGAN MANUAL ALGORITMA K-NEAREST NEIGHBORS (K-NN)
A2: Sistem Rekomendasi Ekstrakurikuler Siswa - MTsN 2 Pesisir Selatan
A4: PARAMETER & DATA UJI SISWA
A5: Nama Siswa Uji | B5: Abdi Wijaya
A6: Nilai Matematika (MTK) | B6: 83
A7: Nilai IPA | B7: 81
A8: Nilai IPS | B8: 84
A9: Nilai Bahasa Indonesia (BINDO) | B9: 80
A10: Nilai PJOK | B10: 81
A11: Nilai Seni Budaya (SBP) | B11: 85
A12: Nilai K (Tetangga Terdekat) | B12: 3
A14: DATA TRAINING SISWA (32 DATA)
A15: No | B15: Nama Siswa | C15: MTK | D15: IPA | E15: IPS | F15: BINDO | G15: PJOK | H15: SBP | I15: Rank | J15: Ekstrakurikuler
A16: 1 | B16: ADAM ROMARTA | C16: 84 | D16: 88 | E16: 88 | F16: 95 | G16: 88 | H16: 91 | I16: 2 | J16: Voli
A17: 2 | B17: AISYA VANDRILLA | C17: 83 | D17: 81 | E17: 89 | F17: 80 | G17: 83 | H17: 93 | I17: 17 | J17: Tari
A18: 3 | B18: AJRA TUILHAM | C18: 72 | D18: 75 | E18: 77 | F18: 75 | G18: 82 | H18: 73 | I18: 31 | J18: Basket
A19: 4 | B19: ANDIKA SAPUTRA | C19: 84 | D19: 85 | E19: 85 | F19: 82 | G19: 84 | H19: 91 | I19: 9 | J19: Musik
A20: 5 | B20: ANNISA PUTRI FAUZIAH | C20: 83 | D20: 81 | E20: 85 | F20: 83 | G20: 83 | H20: 86 | I20: 20 | J20: Voli
A21: 6 | B21: AYUNDA WULANDARI | C21: 83 | D21: 82 | E21: 84 | F21: 85 | G21: 83 | H21: 92 | I21: 16 | J21: Musik
A22: 7 | B22: AZKA APRILLIO AMLI | C22: 83 | D22: 90 | E22: 84 | F22: 88 | G22: 84 | H22: 89 | I22: 12 | J22: Musik
A23: 8 | B23: AZZAHRA | C23: 82 | D23: 76 | E23: 83 | F23: 78 | G23: 85 | H23: 84 | I23: 24 | J23: Tahfiz
A24: 9 | B24: AZZAHRA ADENG PRATIWI | C24: 83 | D24: 81 | E24: 85 | F24: 87 | G24: 83 | H24: 86 | I24: 13 | J24: Musik
A25: 10 | B25: AZZARIA THALITA ARYANDI | C25: 83 | D25: 83 | E25: 84 | F25: 83 | G25: 83 | H25: 84 | I25: 19 | J25: Tahfiz
A26: 11 | B26: DAFFA MUHAMMAD AKBAR | C26: 85 | D26: 90 | E26: 87 | F26: 94 | G26: 84 | H26: 91 | I26: 6 | J26: Marching Band
A27: 12 | B27: EGI ALFAREZI | C27: 82 | D27: 85 | E27: 87 | F27: 87 | G27: 86 | H27: 94 | I27: 10 | J27: Musik
... A47: 32 | B47: ZAHIRA AZALIA QISYA | C47: 83 | D47: 85 | E47: 84 | F47: 87 | G47: 90 | H47: 88 | I47: 5 | J47: Voli

Sheet Langkah 1 - Jarak Euclidean
A1: LANGKAH 1: PERHITUNGAN JARAK EUCLIDEAN
A2: Rumus: d(x,y) = √[ ∑ (X_i - Y_i)² ] untuk atribut MTK, IPA, IPS, BINDO, PJOK, SBP
A4: No | B4: Nama Siswa | C4: Nilai Data Training (Y) | I4: Selisih Kuadrat Atribut (Data Uji X - Data Training Y)² | O4: ∑ (Δ²) | P4: Jarak d(x,y) | Q4: Rank | R4: Ekskul
C5: MTK | D5: IPA | E5: IPS | F5: BINDO | G5: PJOK | H5: SBP | I5: Δ² MTK | J5: Δ² IPA | K5: Δ² IPS | L5: Δ² BINDO | M5: Δ² PJOK | N5: Δ² SBP
A6: 1 | B6: ='Data & Parameter'!B16 | C6: ='Data & Parameter'!C16 | D6: ='Data & Parameter'!D16 | E6: ='Data & Parameter'!E16 | F6: ='Data & Parameter'!F16 | G6: ='Data & Parameter'!G16 | H6: ='Data & Parameter'!H16 | I6: =('Data & Parameter'!$B$6 - C6)^2 | J6: =('Data & Parameter'!$B$7 - D6)^2 | K6: =('Data & Parameter'!$B$8 - E6)^2 | L6: =('Data & Parameter'!$B$9 - F6)^2 | M6: =('Data & Parameter'!$B$10 - G6)^2 | N6: =('Data & Parameter'!$B$11 - H6)^2 | O6: =SUM(I6:N6) | P6: =SQRT(O6) | Q6: ='Data & Parameter'!I16 | R6: ='Data & Parameter'!J16
A7: 2 | B7: ='Data & Parameter'!B17 | C7: ='Data & Parameter'!C17 | D7: ='Data & Parameter'!D17 | E7: ='Data & Parameter'!E17 | F7: ='Data & Parameter'!F17 | G7: ='Data & Parameter'!G17 | H7: ='Data & Parameter'!H17 | I7: =('Data & Parameter'!$B$6 - C7)^2 | J7: =('Data & Parameter'!$B$7 - D7)^2 | K7: =('Data & Parameter'!$B$8 - E7)^2 | L7: =('Data & Parameter'!$B$9 - F7)^2 | M7: =('Data & Parameter'!$B$10 - G7)^2 | N7: =('Data & Parameter'!$B$11 - H7)^2 | O7: =SUM(I7:N7) | P7: =SQRT(O7) | Q7: ='Data & Parameter'!I17 | R7: ='Data & Parameter'!J17
A8: 3 | B8: ='Data & Parameter'!B18 | C8: ='Data & Parameter'!C18 | D8: ='Data & Parameter'!D18 | E8: ='Data & Parameter'!E18 | F8: ='Data & Parameter'!F18 | G8: ='Data & Parameter'!G18 | H8: ='Data & Parameter'!H18 | I8: =('Data & Parameter'!$B$6 - C8)^2 | J8: =('Data & Parameter'!$B$7 - D8)^2 | K8: =('Data & Parameter'!$B$8 - E8)^2 | L8: =('Data & Parameter'!$B$9 - F8)^2 | M8: =('Data & Parameter'!$B$10 - G8)^2 | N8: =('Data & Parameter'!$B$11 - H8)^2 | O8: =SUM(I8:N8) | P8: =SQRT(O8) | Q8: ='Data & Parameter'!I18 | R8: ='Data & Parameter'!J18
A9: 4 | B9: ='Data & Parameter'!B19 | C9: ='Data & Parameter'!C19 | D9: ='Data & Parameter'!D19 | E9: ='Data & Parameter'!E19 | F9: ='Data & Parameter'!F19 | G9: ='Data & Parameter'!G19 | H9: ='Data & Parameter'!H19 | I9: =('Data & Parameter'!$B$6 - C9)^2 | J9: =('Data & Parameter'!$B$7 - D9)^2 | K9: =('Data & Parameter'!$B$8 - E9)^2 | L9: =('Data & Parameter'!$B$9 - F9)^2 | M9: =('Data & Parameter'!$B$10 - G9)^2 | N9: =('Data & Parameter'!$B$11 - H9)^2 | O9: =SUM(I9:N9) | P9: =SQRT(O9) | Q9: ='Data & Parameter'!I19 | R9: ='Data & Parameter'!J19
A10: 5 | B10: ='Data & Parameter'!B20 | C10: ='Data & Parameter'!C20 | D10: ='Data & Parameter'!D20 | E10: ='Data & Parameter'!E20 | F10: ='Data & Parameter'!F20 | G10: ='Data & Parameter'!G20 | H10: ='Data & Parameter'!H20 | I10: =('Data & Parameter'!$B$6 - C10)^2 | J10: =('Data & Parameter'!$B$7 - D10)^2 | K10: =('Data & Parameter'!$B$8 - E10)^2 | L10: =('Data & Parameter'!$B$9 - F10)^2 | M10: =('Data & Parameter'!$B$10 - G10)^2 | N10: =('Data & Parameter'!$B$11 - H10)^2 | O10: =SUM(I10:N10) | P10: =SQRT(O10) | Q10: ='Data & Parameter'!I20 | R10: ='Data & Parameter'!J20
A11: 6 | B11: ='Data & Parameter'!B21 | C11: ='Data & Parameter'!C21 | D11: ='Data & Parameter'!D21 | E11: ='Data & Parameter'!E21 | F11: ='Data & Parameter'!F21 | G11: ='Data & Parameter'!G21 | H11: ='Data & Parameter'!H21 | I11: =('Data & Parameter'!$B$6 - C11)^2 | J11: =('Data & Parameter'!$B$7 - D11)^2 | K11: =('Data & Parameter'!$B$8 - E11)^2 | L11: =('Data & Parameter'!$B$9 - F11)^2 | M11: =('Data & Parameter'!$B$10 - G11)^2 | N11: =('Data & Parameter'!$B$11 - H11)^2 | O11: =SUM(I11:N11) | P11: =SQRT(O11) | Q11: ='Data & Parameter'!I21 | R11: ='Data & Parameter'!J21
A12: 7 | B12: ='Data & Parameter'!B22 | C12: ='Data & Parameter'!C22 | D12: ='Data & Parameter'!D22 | E12: ='Data & Parameter'!E22 | F12: ='Data & Parameter'!F22 | G12: ='Data & Parameter'!G22 | H12: ='Data & Parameter'!H22 | I12: =('Data & Parameter'!$B$6 - C12)^2 | J12: =('Data & Parameter'!$B$7 - D12)^2 | K12: =('Data & Parameter'!$B$8 - E12)^2 | L12: =('Data & Parameter'!$B$9 - F12)^2 | M12: =('Data & Parameter'!$B$10 - G12)^2 | N12: =('Data & Parameter'!$B$11 - H12)^2 | O12: =SUM(I12:N12) | P12: =SQRT(O12) | Q12: ='Data & Parameter'!I22 | R12: ='Data & Parameter'!J22
A13: 8 | B13: ='Data & Parameter'!B23 | C13: ='Data & Parameter'!C23 | D13: ='Data & Parameter'!D23 | E13: ='Data & Parameter'!E23 | F13: ='Data & Parameter'!F23 | G13: ='Data & Parameter'!G23 | H13: ='Data & Parameter'!H23 | I13: =('Data & Parameter'!$B$6 - C13)^2 | J13: =('Data & Parameter'!$B$7 - D13)^2 | K13: =('Data & Parameter'!$B$8 - E13)^2 | L13: =('Data & Parameter'!$B$9 - F13)^2 | M13: =('Data & Parameter'!$B$10 - G13)^2 | N13: =('Data & Parameter'!$B$11 - H13)^2 | O13: =SUM(I13:N13) | P13: =SQRT(O13) | Q13: ='Data & Parameter'!I23 | R13: ='Data & Parameter'!J23
A14: 9 | B14: ='Data & Parameter'!B24 | C14: ='Data & Parameter'!C24 | D14: ='Data & Parameter'!D24 | E14: ='Data & Parameter'!E24 | F14: ='Data & Parameter'!F24 | G14: ='Data & Parameter'!G24 | H14: ='Data & Parameter'!H24 | I14: =('Data & Parameter'!$B$6 - C14)^2 | J14: =('Data & Parameter'!$B$7 - D14)^2 | K14: =('Data & Parameter'!$B$8 - E14)^2 | L14: =('Data & Parameter'!$B$9 - F14)^2 | M14: =('Data & Parameter'!$B$10 - G14)^2 | N14: =('Data & Parameter'!$B$11 - H14)^2 | O14: =SUM(I14:N14) | P14: =SQRT(O14) | Q14: ='Data & Parameter'!I24 | R14: ='Data & Parameter'!J24
A15: 10 | B15: ='Data & Parameter'!B25 | C15: ='Data & Parameter'!C25 | D15: ='Data & Parameter'!D25 | E15: ='Data & Parameter'!E25 | F15: ='Data & Parameter'!F25 | G15: ='Data & Parameter'!G25 | H15: ='Data & Parameter'!H25 | I15: =('Data & Parameter'!$B$6 - C15)^2 | J15: =('Data & Parameter'!$B$7 - D15)^2 | K15: =('Data & Parameter'!$B$8 - E15)^2 | L15: =('Data & Parameter'!$B$9 - F15)^2 | M15: =('Data & Parameter'!$B$10 - G15)^2 | N15: =('Data & Parameter'!$B$11 - H15)^2 | O15: =SUM(I15:N15) | P15: =SQRT(O15) | Q15: ='Data & Parameter'!I25 | R15: ='Data & Parameter'!J25
A16: 11 | B16: ='Data & Parameter'!B26 | C16: ='Data & Parameter'!C26 | D16: ='Data & Parameter'!D26 | E16: ='Data & Parameter'!E26 | F16: ='Data & Parameter'!F26 | G16: ='Data & Parameter'!G26 | H16: ='Data & Parameter'!H26 | I16: =('Data & Parameter'!$B$6 - C16)^2 | J16: =('Data & Parameter'!$B$7 - D16)^2 | K16: =('Data & Parameter'!$B$8 - E16)^2 | L16: =('Data & Parameter'!$B$9 - F16)^2 | M16: =('Data & Parameter'!$B$10 - G16)^2 | N16: =('Data & Parameter'!$B$11 - H16)^2 | O16: =SUM(I16:N16) | P16: =SQRT(O16) | Q16: ='Data & Parameter'!I26 | R16: ='Data & Parameter'!J26
A17: 12 | B17: ='Data & Parameter'!B27 | C17: ='Data & Parameter'!C27 | D17: ='Data & Parameter'!D27 | E17: ='Data & Parameter'!E27 | F17: ='Data & Parameter'!F27 | G17: ='Data & Parameter'!G27 | H17: ='Data & Parameter'!H27 | I17: =('Data & Parameter'!$B$6 - C17)^2 | J17: =('Data & Parameter'!$B$7 - D17)^2 | K17: =('Data & Parameter'!$B$8 - E17)^2 | L17: =('Data & Parameter'!$B$9 - F17)^2 | M17: =('Data & Parameter'!$B$10 - G17)^2 | N17: =('Data & Parameter'!$B$11 - H17)^2 | O17: =SUM(I17:N17) | P17: =SQRT(O17) | Q17: ='Data & Parameter'!I27 | R17: ='Data & Parameter'!J27
... A37: 32 | B37: ='Data & Parameter'!B47 | C37: ='Data & Parameter'!C47 | D37: ='Data & Parameter'!D47 | E37: ='Data & Parameter'!E47 | F37: ='Data & Parameter'!F47 | G37: ='Data & Parameter'!G47 | H37: ='Data & Parameter'!H47 | I37: =('Data & Parameter'!$B$6 - C37)^2 | J37: =('Data & Parameter'!$B$7 - D37)^2 | K37: =('Data & Parameter'!$B$8 - E37)^2 | L37: =('Data & Parameter'!$B$9 - F37)^2 | M37: =('Data & Parameter'!$B$10 - G37)^2 | N37: =('Data & Parameter'!$B$11 - H37)^2 | O37: =SUM(I37:N37) | P37: =SQRT(O37) | Q37: ='Data & Parameter'!I47 | R37: ='Data & Parameter'!J47

Sheet Langkah 2 - Ranking & Voting
A1: LANGKAH 2: PENGURUTAN JARAK & VOTING K-NEAREST NEIGHBORS
A2: Mengurutkan data training dari jarak Euclidean terkecil dan mengambil K tetangga terdekat.
A4: HASIL PENGURUTAN SELURUH DATA BASED ON JARAK EUCLIDEAN TERKECIL | H4: PENENTUAN K-TETANGGA TERDEKAT (K = 3)
A5: Peringkat Jarak | B5: Nama Siswa | C5: Jarak Euclidean | D5: Total Selisih Kuadrat | E5: Rank Siswa | F5: Ekstrakurikuler | H5: Peringkat (K) | I5: Nama Siswa Terdekat | J5: Jarak Euclidean | K5: Rank Siswa | L5: Ekstrakurikuler
A6: 1 | B6: ='Langkah 1 - Jarak Euclidean'!B31 | C6: ='Langkah 1 - Jarak Euclidean'!P31 | D6: ='Langkah 1 - Jarak Euclidean'!O31 | E6: ='Langkah 1 - Jarak Euclidean'!Q31 | F6: ='Langkah 1 - Jarak Euclidean'!R31 | H6: 1 | I6: =B6 | J6: =C6 | K6: =E6 | L6: =F6
A7: 2 | B7: ='Langkah 1 - Jarak Euclidean'!B10 | C7: ='Langkah 1 - Jarak Euclidean'!P10 | D7: ='Langkah 1 - Jarak Euclidean'!O10 | E7: ='Langkah 1 - Jarak Euclidean'!Q10 | F7: ='Langkah 1 - Jarak Euclidean'!R10 | H7: 2 | I7: =B7 | J7: =C7 | K7: =E7 | L7: =F7
A8: 3 | B8: ='Langkah 1 - Jarak Euclidean'!B15 | C8: ='Langkah 1 - Jarak Euclidean'!P15 | D8: ='Langkah 1 - Jarak Euclidean'!O15 | E8: ='Langkah 1 - Jarak Euclidean'!Q15 | F8: ='Langkah 1 - Jarak Euclidean'!R15 | H8: 3 | I8: =B8 | J8: =C8 | K8: =E8 | L8: =F8
A9: 4 | B9: ='Langkah 1 - Jarak Euclidean'!B27 | C9: ='Langkah 1 - Jarak Euclidean'!P27 | D9: ='Langkah 1 - Jarak Euclidean'!O27 | E9: ='Langkah 1 - Jarak Euclidean'!Q27 | F9: ='Langkah 1 - Jarak Euclidean'!R27
A10: 5 | B10: ='Langkah 1 - Jarak Euclidean'!B13 | C10: ='Langkah 1 - Jarak Euclidean'!P13 | D10: ='Langkah 1 - Jarak Euclidean'!O13 | E10: ='Langkah 1 - Jarak Euclidean'!Q13 | F10: ='Langkah 1 - Jarak Euclidean'!R13 | H10: REKAPITULASI VOTING EKSTRAKURIKULER (MAJORITY VOTE)
A11: 6 | B11: ='Langkah 1 - Jarak Euclidean'!B14 | C11: ='Langkah 1 - Jarak Euclidean'!P14 | D11: ='Langkah 1 - Jarak Euclidean'!O14 | E11: ='Langkah 1 - Jarak Euclidean'!Q14 | F11: ='Langkah 1 - Jarak Euclidean'!R14 | H11: Nama Ekstrakurikuler | I11: Jumlah Suara (Votes)
A12: 7 | B12: ='Langkah 1 - Jarak Euclidean'!B22 | C12: ='Langkah 1 - Jarak Euclidean'!P22 | D12: ='Langkah 1 - Jarak Euclidean'!O22 | E12: ='Langkah 1 - Jarak Euclidean'!Q22 | F12: ='Langkah 1 - Jarak Euclidean'!R22 | H12: Voli | I12: =COUNTIF($L$6:$L$8, "Voli")
A13: 8 | B13: ='Langkah 1 - Jarak Euclidean'!B9 | C13: ='Langkah 1 - Jarak Euclidean'!P9 | D13: ='Langkah 1 - Jarak Euclidean'!O9 | E13: ='Langkah 1 - Jarak Euclidean'!Q9 | F13: ='Langkah 1 - Jarak Euclidean'!R9 | H13: Tahfiz | I13: =COUNTIF($L$6:$L$8, "Tahfiz")
A14: 9 | B14: ='Langkah 1 - Jarak Euclidean'!B35 | C14: ='Langkah 1 - Jarak Euclidean'!P35 | D14: ='Langkah 1 - Jarak Euclidean'!O35 | E14: ='Langkah 1 - Jarak Euclidean'!Q35 | F14: ='Langkah 1 - Jarak Euclidean'!R35 | H14: Musik | I14: =COUNTIF($L$6:$L$8, "Musik")
A15: 10 | B15: ='Langkah 1 - Jarak Euclidean'!B11 | C15: ='Langkah 1 - Jarak Euclidean'!P11 | D15: ='Langkah 1 - Jarak Euclidean'!O11 | E15: ='Langkah 1 - Jarak Euclidean'!Q11 | F15: ='Langkah 1 - Jarak Euclidean'!R11 | H15: Basket | I15: =COUNTIF($L$6:$L$8, "Basket")
A16: 11 | B16: ='Langkah 1 - Jarak Euclidean'!B20 | C16: ='Langkah 1 - Jarak Euclidean'!P20 | D16: ='Langkah 1 - Jarak Euclidean'!O20 | E16: ='Langkah 1 - Jarak Euclidean'!Q20 | F16: ='Langkah 1 - Jarak Euclidean'!R20 | H16: Marching Band | I16: =COUNTIF($L$6:$L$8, "Marching Band")
A17: 12 | B17: ='Langkah 1 - Jarak Euclidean'!B19 | C17: ='Langkah 1 - Jarak Euclidean'!P19 | D17: ='Langkah 1 - Jarak Euclidean'!O19 | E17: ='Langkah 1 - Jarak Euclidean'!Q19 | F17: ='Langkah 1 - Jarak Euclidean'!R19 | H17: Tari | I17: =COUNTIF($L$6:$L$8, "Tari")
A18: 13 | B18: ='Langkah 1 - Jarak Euclidean'!B7 | C18: ='Langkah 1 - Jarak Euclidean'!P7 | D18: ='Langkah 1 - Jarak Euclidean'!O7 | E18: ='Langkah 1 - Jarak Euclidean'!Q7 | F18: ='Langkah 1 - Jarak Euclidean'!R7 | H18: Paskibraka | I18: =COUNTIF($L$6:$L$8, "Paskibraka")
A19: 14 | B19: ='Langkah 1 - Jarak Euclidean'!B29 | C19: ='Langkah 1 - Jarak Euclidean'!P29 | D19: ='Langkah 1 - Jarak Euclidean'!O29 | E19: ='Langkah 1 - Jarak Euclidean'!Q29 | F19: ='Langkah 1 - Jarak Euclidean'!R29 | H19: Sepakbola | I19: =COUNTIF($L$6:$L$8, "Sepakbola")
A20: 15 | B20: ='Langkah 1 - Jarak Euclidean'!B32 | C20: ='Langkah 1 - Jarak Euclidean'!P32 | D20: ='Langkah 1 - Jarak Euclidean'!O32 | E20: ='Langkah 1 - Jarak Euclidean'!Q32 | F20: ='Langkah 1 - Jarak Euclidean'!R32
A21: 16 | B21: ='Langkah 1 - Jarak Euclidean'!B25 | C21: ='Langkah 1 - Jarak Euclidean'!P25 | D21: ='Langkah 1 - Jarak Euclidean'!O25 | E21: ='Langkah 1 - Jarak Euclidean'!Q25 | F21: ='Langkah 1 - Jarak Euclidean'!R25 | H21: HASIL REKOMENDASI EKSTRAKURIKULER
A22: 17 | B22: ='Langkah 1 - Jarak Euclidean'!B30 | C22: ='Langkah 1 - Jarak Euclidean'!P30 | D22: ='Langkah 1 - Jarak Euclidean'!O30 | E22: ='Langkah 1 - Jarak Euclidean'!Q30 | F22: ='Langkah 1 - Jarak Euclidean'!R30 | H22: Kategori Ekskul Terpilih: | I22: =INDEX(H12:H19, MATCH(MAX(I12:I19), I12:I19, 0))
A23: 18 | B23: ='Langkah 1 - Jarak Euclidean'!B37 | C23: ='Langkah 1 - Jarak Euclidean'!P37 | D23: ='Langkah 1 - Jarak Euclidean'!O37 | E23: ='Langkah 1 - Jarak Euclidean'!Q37 | F23: ='Langkah 1 - Jarak Euclidean'!R37
A24: 19 | B24: ='Langkah 1 - Jarak Euclidean'!B12 | C24: ='Langkah 1 - Jarak Euclidean'!P12 | D24: ='Langkah 1 - Jarak Euclidean'!O12 | E24: ='Langkah 1 - Jarak Euclidean'!Q12 | F24: ='Langkah 1 - Jarak Euclidean'!R12
A25: 20 | B25: ='Langkah 1 - Jarak Euclidean'!B17 | C25: ='Langkah 1 - Jarak Euclidean'!P17 | D25: ='Langkah 1 - Jarak Euclidean'!O17 | E25: ='Langkah 1 - Jarak Euclidean'!Q17 | F25: ='Langkah 1 - Jarak Euclidean'!R17
A26: 21 | B26: ='Langkah 1 - Jarak Euclidean'!B28 | C26: ='Langkah 1 - Jarak Euclidean'!P28 | D26: ='Langkah 1 - Jarak Euclidean'!O28 | E26: ='Langkah 1 - Jarak Euclidean'!Q28 | F26: ='Langkah 1 - Jarak Euclidean'!R28
A27: 22 | B27: ='Langkah 1 - Jarak Euclidean'!B26 | C27: ='Langkah 1 - Jarak Euclidean'!P26 | D27: ='Langkah 1 - Jarak Euclidean'!O26 | E27: ='Langkah 1 - Jarak Euclidean'!Q26 | F27: ='Langkah 1 - Jarak Euclidean'!R26
A28: 23 | B28: ='Langkah 1 - Jarak Euclidean'!B23 | C28: ='Langkah 1 - Jarak Euclidean'!P23 | D28: ='Langkah 1 - Jarak Euclidean'!O23 | E28: ='Langkah 1 - Jarak Euclidean'!Q23 | F28: ='Langkah 1 - Jarak Euclidean'!R23
A29: 24 | B29: ='Langkah 1 - Jarak Euclidean'!B36 | C29: ='Langkah 1 - Jarak Euclidean'!P36 | D29: ='Langkah 1 - Jarak Euclidean'!O36 | E29: ='Langkah 1 - Jarak Euclidean'!Q36 | F29: ='Langkah 1 - Jarak Euclidean'!R36
A30: 25 | B30: ='Langkah 1 - Jarak Euclidean'!B24 | C30: ='Langkah 1 - Jarak Euclidean'!P24 | D30: ='Langkah 1 - Jarak Euclidean'!O24 | E30: ='Langkah 1 - Jarak Euclidean'!Q24 | F30: ='Langkah 1 - Jarak Euclidean'!R24
A31: 26 | B31: ='Langkah 1 - Jarak Euclidean'!B16 | C31: ='Langkah 1 - Jarak Euclidean'!P16 | D31: ='Langkah 1 - Jarak Euclidean'!O16 | E31: ='Langkah 1 - Jarak Euclidean'!Q16 | F31: ='Langkah 1 - Jarak Euclidean'!R16
A32: 27 | B32: ='Langkah 1 - Jarak Euclidean'!B21 | C32: ='Langkah 1 - Jarak Euclidean'!P21 | D32: ='Langkah 1 - Jarak Euclidean'!O21 | E32: ='Langkah 1 - Jarak Euclidean'!Q21 | F32: ='Langkah 1 - Jarak Euclidean'!R21
A33: 28 | B33: ='Langkah 1 - Jarak Euclidean'!B6 | C33: ='Langkah 1 - Jarak Euclidean'!P6 | D33: ='Langkah 1 - Jarak Euclidean'!O6 | E33: ='Langkah 1 - Jarak Euclidean'!Q6 | F33: ='Langkah 1 - Jarak Euclidean'!R6
A34: 29 | B34: ='Langkah 1 - Jarak Euclidean'!B8 | C34: ='Langkah 1 - Jarak Euclidean'!P8 | D34: ='Langkah 1 - Jarak Euclidean'!O8 | E34: ='Langkah 1 - Jarak Euclidean'!Q8 | F34: ='Langkah 1 - Jarak Euclidean'!R8
A35: 30 | B35: ='Langkah 1 - Jarak Euclidean'!B34 | C35: ='Langkah 1 - Jarak Euclidean'!P34 | D35: ='Langkah 1 - Jarak Euclidean'!O34 | E35: ='Langkah 1 - Jarak Euclidean'!Q34 | F35: ='Langkah 1 - Jarak Euclidean'!R34
A36: 31 | B36: ='Langkah 1 - Jarak Euclidean'!B33 | C36: ='Langkah 1 - Jarak Euclidean'!P33 | D36: ='Langkah 1 - Jarak Euclidean'!O33 | E36: ='Langkah 1 - Jarak Euclidean'!Q33 | F36: ='Langkah 1 - Jarak Euclidean'!R33
A37: 32 | B37: ='Langkah 1 - Jarak Euclidean'!B18 | C37: ='Langkah 1 - Jarak Euclidean'!P18 | D37: ='Langkah 1 - Jarak Euclidean'!O18 | E37: ='Langkah 1 - Jarak Euclidean'!Q18 | F37: ='Langkah 1 - Jarak Euclidean'!R18

Sheet Rekap Laporan KNN
A1: LEMBAR HASIL PERHITUNGAN MANUAL K-NEAREST NEIGHBORS (K-NN)
A2: MTsN 2 Pesisir Selatan - Rekomendasi Ekstrakurikuler Siswa
A4: 1. IDENTITAS & NILAI AKADEMIK SISWA UJI
A5: Nama Siswa | B5: ='Data & Parameter'!B5 | D5: Nilai Bahasa Indonesia | E5: ='Data & Parameter'!B9
A6: Nilai Matematika | B6: ='Data & Parameter'!B6 | D6: Nilai PJOK | E6: ='Data & Parameter'!B10
A7: Nilai IPA | B7: ='Data & Parameter'!B7 | D7: Nilai Seni Budaya | E7: ='Data & Parameter'!B11
A8: Nilai IPS | B8: ='Data & Parameter'!B8 | D8: Nilai Parameter K | E8: ='Data & Parameter'!B12
A10: 2. DETAIL 3 TETANGGA TERDEKAT (TOP K NEIGHBORS)
A11: No (K) | B11: Nama Siswa Data Training | C11: Jarak Euclidean | D11: Total Selisih Kuadrat | E11: Rank | F11: Ekstrakurikuler
A12: 1 | B12: ='Langkah 2 - Ranking & Voting'!I6 | C12: ='Langkah 2 - Ranking & Voting'!J6 | D12: ='Langkah 2 - Ranking & Voting'!D6 | E12: ='Langkah 2 - Ranking & Voting'!K6 | F12: ='Langkah 2 - Ranking & Voting'!L6
A13: 2 | B13: ='Langkah 2 - Ranking & Voting'!I7 | C13: ='Langkah 2 - Ranking & Voting'!J7 | D13: ='Langkah 2 - Ranking & Voting'!D7 | E13: ='Langkah 2 - Ranking & Voting'!K7 | F13: ='Langkah 2 - Ranking & Voting'!L7
A14: 3 | B14: ='Langkah 2 - Ranking & Voting'!I8 | C14: ='Langkah 2 - Ranking & Voting'!J8 | D14: ='Langkah 2 - Ranking & Voting'!D8 | E14: ='Langkah 2 - Ranking & Voting'!K8 | F14: ='Langkah 2 - Ranking & Voting'!L8
A16: 3. KESIMPULAN REKOMENDASI EKSTRAKURIKULER
A17: Berdasarkan perhitungan jarak Euclidean dan voting dari 3 tetangga terdekat, rekomendasi ekstrakurikuler terbaik untuk siswa atas nama Abdi Wijaya adalah:
B19: REKOMENDASI HASIL K-NN: | C19: ='Langkah 2 - Ranking & Voting'!I22
